{"cameraMode":{"drawMode":0,"name":"Shaded","section":"Shading Mode"},"sceneLighting":false,"audioPlay":false,"sceneViewState":{"m_AlwaysRefresh":false,"showFog":true,"showSkybox":false,"showFlares":true,"showImageEffects":true,"showParticleSystems":true,"showVisualEffectGraphs":true,"m_FxEnabled":true},"in2DMode":false,"pivot":{"x":-1.7397600412368775,"y":1.0765947103500367,"z":-1.6504793167114258},"rotation":{"x":0.04632667824625969,"y":-0.9158290028572083,"z":0.1107177585363388,"w":0.38320958614349368},"size":1.3940751552581788,"orthographic":false}