{"cameraMode":{"drawMode":0,"name":"Shaded","section":"Shading Mode"},"sceneLighting":false,"audioPlay":false,"sceneViewState":{"m_AlwaysRefresh":false,"showFog":false,"showSkybox":false,"showFlares":false,"showImageEffects":false,"showParticleSystems":false,"showVisualEffectGraphs":true,"m_FxEnabled":false},"in2DMode":false,"pivot":{"x":-0.0011181235313415528,"y":1.6164650917053223,"z":0.12425899505615235},"rotation":{"x":0.055987659841775897,"y":-0.9439526200294495,"z":0.23550836741924287,"w":0.22440652549266816},"size":1.9189780950546265,"orthographic":false}