{"cameraMode":{"drawMode":0,"name":"Shaded","section":"Shading Mode"},"sceneLighting":false,"audioPlay":false,"sceneViewState":{"m_AlwaysRefresh":false,"showFog":true,"showSkybox":false,"showFlares":true,"showImageEffects":true,"showParticleSystems":true,"showVisualEffectGraphs":true,"m_FxEnabled":true},"in2DMode":false,"pivot":{"x":-1.6731337308883668,"y":0.9929998517036438,"z":-1.1896463632583619},"rotation":{"x":0.061558157205581668,"y":-0.8924421072006226,"z":0.12832288444042207,"w":0.4281218349933624},"size":1.3940751552581788,"orthographic":false}