{"cameraMode":{"drawMode":0,"name":"Shaded","section":"Shading Mode"},"sceneLighting":true,"audioPlay":false,"sceneViewState":{"m_AlwaysRefresh":false,"showFog":true,"showSkybox":true,"showFlares":true,"showImageEffects":true,"showParticleSystems":true,"showVisualEffectGraphs":true,"m_FxEnabled":true},"in2DMode":false,"pivot":{"x":239.21258544921876,"y":0.8735218644142151,"z":204.2724151611328},"rotation":{"x":0.03658898547291756,"y":-0.750454843044281,"z":0.041693251579999927,"w":0.6585960388183594},"size":6.704234600067139,"orthographic":false}