{"cameraMode":{"drawMode":0,"name":"Shaded","section":"Shading Mode"},"sceneLighting":false,"audioPlay":false,"sceneViewState":{"m_AlwaysRefresh":false,"showFog":true,"showSkybox":false,"showFlares":true,"showImageEffects":true,"showParticleSystems":true,"showVisualEffectGraphs":true,"m_FxEnabled":true},"in2DMode":false,"pivot":{"x":243.35321044921876,"y":2.6200249195098879,"z":206.18951416015626},"rotation":{"x":0.0009282142855226994,"y":0.9975370764732361,"z":0.013467837125062943,"w":-0.06893975287675858},"size":17.377084732055665,"orthographic":false}