{"cameraMode":{"drawMode":0,"name":"Shaded","section":"Shading Mode"},"sceneLighting":false,"audioPlay":false,"sceneViewState":{"m_AlwaysRefresh":false,"showFog":true,"showSkybox":false,"showFlares":true,"showImageEffects":true,"showParticleSystems":true,"showVisualEffectGraphs":true,"m_FxEnabled":false},"in2DMode":false,"pivot":{"x":-0.24597057700157166,"y":0.8474732637405396,"z":-1.0188006162643433},"rotation":{"x":-0.03615589812397957,"y":0.9299786686897278,"z":-0.09518824517726898,"w":-0.3532358407974243},"size":1.4577316045761109,"orthographic":false}