{"cameraMode":{"drawMode":0,"name":"Shaded","section":"Shading Mode"},"sceneLighting":false,"audioPlay":false,"sceneViewState":{"m_AlwaysRefresh":false,"showFog":true,"showSkybox":false,"showFlares":true,"showImageEffects":true,"showParticleSystems":true,"showVisualEffectGraphs":true,"m_FxEnabled":false},"in2DMode":false,"pivot":{"x":-1.9372503757476807,"y":0.8500000238418579,"z":5.539758205413818},"rotation":{"x":0.055987659841775897,"y":-0.9439526200294495,"z":0.23550836741924287,"w":0.22440652549266816},"size":2.0519089698791506,"orthographic":false}