{"cameraMode":{"drawMode":0,"name":"Shaded","section":"Shading Mode"},"sceneLighting":false,"audioPlay":false,"sceneViewState":{"m_AlwaysRefresh":false,"showFog":true,"showSkybox":false,"showFlares":true,"showImageEffects":true,"showParticleSystems":true,"showVisualEffectGraphs":true,"m_FxEnabled":true},"in2DMode":false,"pivot":{"x":-13.494278907775879,"y":29.249454498291017,"z":-5.003669738769531},"rotation":{"x":0.030265135690569879,"y":-0.05095880851149559,"z":0.0015455237589776517,"w":0.9982379674911499},"size":41.405006408691409,"orthographic":false}