{"cameraMode":{"drawMode":0,"name":"Shaded","section":"Shading Mode"},"sceneLighting":false,"audioPlay":false,"sceneViewState":{"m_AlwaysRefresh":false,"showFog":true,"showSkybox":false,"showFlares":true,"showImageEffects":true,"showParticleSystems":true,"showVisualEffectGraphs":true,"m_FxEnabled":true},"in2DMode":false,"pivot":{"x":0.42000091075897219,"y":1.2051044702529908,"z":0.46982312202453616},"rotation":{"x":-0.0024919952265918257,"y":0.898993194103241,"z":0.005115623585879803,"w":0.43792906403541567},"size":1.1923582553863526,"orthographic":false}